{"cameraMode":{"drawMode":0,"name":"Shaded","section":"Shading Mode"},"sceneLighting":false,"audioPlay":false,"sceneViewState":{"showFog":true,"showMaterialUpdate":false,"showSkybox":true,"showFlares":true,"showImageEffects":true,"showParticleSystems":true},"in2DMode":false,"pivot":{"x":0.07994207739830017,"y":0.1429145783185959,"z":0.3288812041282654},"rotation":{"x":-0.00833666417747736,"y":-0.9519183039665222,"z":0.026002390310168268,"w":-0.3051437735557556},"size":1.317083477973938,"orthographic":false}