{"cameraMode":{"drawMode":0,"name":"Shaded","section":"Shading Mode"},"sceneLighting":false,"audioPlay":false,"sceneViewState":{"showFog":true,"showMaterialUpdate":false,"showSkybox":true,"showFlares":true,"showImageEffects":true,"showParticleSystems":true},"in2DMode":false,"pivot":{"x":0.2697482109069824,"y":0.4250698685646057,"z":1.606650471687317},"rotation":{"x":-0.03788817673921585,"y":0.5473892092704773,"z":-0.024820128455758096,"w":-0.8356553912162781},"size":2.148282766342163,"orthographic":false}