{"cameraMode":{"drawMode":0,"name":"Shaded","section":"Shading Mode"},"sceneLighting":true,"audioPlay":false,"sceneViewState":{"showFog":true,"showMaterialUpdate":false,"showSkybox":true,"showFlares":true,"showImageEffects":true,"showParticleSystems":true},"in2DMode":false,"pivot":{"x":2.6152563095092775,"y":0.1223602294921875,"z":0.5449140667915344},"rotation":{"x":-0.1614578515291214,"y":-0.6592870354652405,"z":0.1479899287223816,"w":-0.7192853093147278},"size":14.482666969299317,"orthographic":false}