{"cameraMode":{"drawMode":0,"name":"Shaded","section":"Shading Mode"},"sceneLighting":true,"audioPlay":false,"sceneViewState":{"showFog":true,"showMaterialUpdate":true,"showSkybox":true,"showFlares":true,"showImageEffects":true,"showParticleSystems":true},"in2DMode":false,"pivot":{"x":195.11532592773438,"y":255.57147216796876,"z":0.4470568895339966},"rotation":{"x":-0.11548195034265518,"y":-0.2620008587837219,"z":0.03156362473964691,"w":-0.9576650261878967},"size":1431.88232421875,"orthographic":false}