{"cameraMode":{"drawMode":0,"name":"Shaded","section":"Shading Mode"},"sceneLighting":true,"audioPlay":false,"sceneViewState":{"showFog":true,"showMaterialUpdate":false,"showSkybox":true,"showFlares":true,"showImageEffects":true,"showParticleSystems":true},"in2DMode":false,"pivot":{"x":894.127685546875,"y":-2062.626220703125,"z":5836.478515625},"rotation":{"x":-0.19105997681617738,"y":-0.025913262739777566,"z":0.005045715719461441,"w":-0.981224000453949},"size":7489.09521484375,"orthographic":false}