{"cameraMode":{"drawMode":0,"name":"Shaded","section":"Shading Mode"},"sceneLighting":false,"audioPlay":false,"sceneViewState":{"showFog":true,"showMaterialUpdate":false,"showSkybox":true,"showFlares":true,"showImageEffects":true,"showParticleSystems":true},"in2DMode":false,"pivot":{"x":2.664323568344116,"y":-10.318010330200196,"z":-2.0319106578826906},"rotation":{"x":-0.08816782385110855,"y":-0.10825955122709274,"z":0.00963928084820509,"w":-0.9901612401008606},"size":1.3863112926483155,"orthographic":false}